{
    "Terazije": 0.0,
    "Savski Venac": 3.4771463381171217,
    "Cukarica opstina": 15.57333937454652,
    "Stari Grad opstina": 0.6872774735607241,
    "Zvezdara opstina": 6.902543770333344,
    "Vozdovac opstina": 4.243217567573088,
    "Vracar": 1.820885882433046,
    "Palilula opstina": 14.13798600203505,
    "Novi Beograd": 6.429127485375817,
    "Rakovica opstina": 10.43329642486383,
    "Zemun opstina": 8.591710139538785,
    "Grocka opstina": 25.707311623757896,
    "Mladenovac opstina": 44.65739525564866,
    "Obrenovac opstina": 35.90338452345189,
    "Lazarevac opstina": 50.73264065125798,
    "Barajevo opstina": 26.256085264332636,
    "Sopot opstina": 33.54363564870204,
    "Surcin opstina": 20.79586355668267
}